"","snp","genotype code","genotype ref","Teslo beta","Teslo effect","Analysis beta","genotype effect","Outcome"
"1","rs1084651","GA","G",1.95,"A",1.95,"A","hdl"
"2","rs11869286","CG","C",0.48,"C",-0.48,"G","hdl"
"3","rs12328675","TC","T",0.68,"C",0.68,"C","hdl"
"4","rs12967135","GA","G",0.42,"G",-0.42,"A","hdl"
"5","rs13107325","CT","C",0.84,"C",-0.84,"T","hdl"
"6","rs1532085","GA","G",1.45,"A",1.45,"A","hdl"
"7","rs1689800","AG","A",0.47,"A",-0.47,"G","hdl"
"8","rs16942887","GA","G",1.27,"A",1.27,"A","hdl"
"9","rs1800961","CT","C",1.88,"C",-1.88,"T","hdl"
"10","rs181362","CT","C",0.46,"C",-0.46,"T","hdl"
"11","rs1883025","CT","C",0.94,"C",-0.94,"T","hdl"
"12","rs2293889","GT","G",0.44,"G",-0.44,"T","hdl"
"13","rs2652834","GA","G",0.39,"G",-0.39,"A","hdl"
"14","rs2814944","GA","G",0.49,"G",-0.49,"A","hdl"
"15","rs2923084","AG","A",0.41,"A",-0.41,"G","hdl"
"16","rs2925979","CT","C",0.45,"C",-0.45,"T","hdl"
"17","rs2972146","TG","T",0.46,"G",0.46,"G","hdl"
"18","rs3136441","TC","T",0.78,"C",0.78,"C","hdl"
"19","rs3764261","CA","C",3.39,"A",3.39,"A","hdl"
"20","rs386000","CG","C",0.83,"C",-0.83,"G","hdl"
"21","rs4129767","AG","A",0.39,"A",-0.39,"G","hdl"
"22","rs4148008","GC","G",0.42,"C",0.42,"C","hdl"
"23","rs4660293","AG","A",0.48,"A",-0.48,"G","hdl"
"24","rs4731702","CT","C",0.59,"T",0.59,"T","hdl"
"25","rs4759375","CT","C",0.86,"T",0.86,"T","hdl"
"26","rs4765127","GT","G",0.44,"T",0.44,"T","hdl"
"27","rs4846914","AG","A",0.61,"A",-0.61,"G","hdl"
"28","rs581080","CG","C",0.65,"C",-0.65,"G","hdl"
"29","rs605066","TC","T",0.39,"T",-0.39,"C","hdl"
"30","rs6065906","TC","T",0.93,"T",-0.93,"C","hdl"
"31","rs6450176","GA","G",0.49,"G",-0.49,"A","hdl"
"32","rs7134375","CA","C",0.4,"A",0.4,"A","hdl"
"33","rs7134594","CT","C",0.44,"T",0.44,"T","hdl"
"34","rs7241918","TG","T",1.31,"T",-1.31,"G","hdl"
"35","rs7255436","CA","C",0.45,"A",0.45,"A","hdl"
"36","rs737337","TC","T",0.64,"T",-0.64,"C","hdl"
"37","rs838880","TC","T",0.61,"C",0.61,"C","hdl"
"38","rs9987289","GA","G",1.21,"G",-1.21,"A","hdl"
"39","rs11136341","AG","A",1.4,"G",1.4,"G","ldl"
"40","rs11220462","GA","G",1.95,"A",1.95,"A","ldl"
"41","rs1367117","GA","G",4.05,"A",4.05,"A","ldl"
"42","rs1564348","TC","T",0.56,"T",-0.56,"C","ldl"
"43","rs1800562","GA","G",2.22,"G",-2.22,"A","ldl"
"44","rs2479409","GA","G",2.01,"G",-2.01,"A","ldl"
"45","rs3757354","CT","C",1.43,"C",-1.43,"T","ldl"
"46","rs4299376","TG","T",2.75,"G",2.75,"G","ldl"
"47","rs4420638","AG","A",7.14,"G",7.14,"G","ldl"
"48","rs6029526","AT","A",1.39,"A",-1.39,"T","ldl"
"49","rs629301","TG","T",5.65,"T",-5.65,"G","ldl"
"50","rs6511720","GT","G",6.99,"G",-6.99,"T","ldl"
"51","rs7206971","GA","G",0.78,"A",0.78,"A","ldl"
"52","rs8017377","GA","G",1.14,"A",1.14,"A","ldl"
"53","rs10195252","TC","T",2.01,"T",-2.01,"C","tg"
"54","rs1042034","TC","T",5.99,"T",-5.99,"C","tg"
"55","rs10761731","AT","A",2.38,"A",-2.38,"T","tg"
"56","rs11613352","CT","C",2.7,"C",-2.7,"T","tg"
"57","rs11649653","GC","G",2.13,"C",2.13,"C","tg"
"58","rs11776767","GC","G",2.01,"C",2.01,"C","tg"
"59","rs1260326","CT","C",8.76,"T",8.76,"T","tg"
"60","rs12678919","AG","A",13.64,"A",-13.64,"G","tg"
"61","rs13238203","CT","C",7.91,"C",-7.91,"T","tg"
"62","rs1495741","AG","A",2.85,"G",2.85,"G","tg"
"63","rs17145738","CT","C",9.32,"C",-9.32,"T","tg"
"64","rs174546","TC","T",3.82,"T",-3.82,"C","tg"
"65","rs2068888","AG","A",2.28,"G",2.28,"G","tg"
"66","rs2131925","TG","T",4.94,"T",-4.94,"G","tg"
"67","rs2247056","CT","C",2.99,"C",-2.99,"T","tg"
"68","rs2412710","GA","G",7,"A",7,"A","tg"
"69","rs2929282","AT","A",5.13,"T",5.13,"T","tg"
"70","rs2954029","AT","A",5.64,"A",-5.64,"T","tg"
"71","rs439401","TC","T",5.5,"C",5.5,"C","tg"
"72","rs442177","TG","T",2.25,"T",-2.25,"G","tg"
"73","rs5756931","TC","T",1.54,"T",-1.54,"C","tg"
"74","rs645040","TG","T",2.22,"T",-2.22,"G","tg"
"75","rs964184","CG","C",16.95,"G",16.95,"G","tg"
"76","rs9686661","CT","C",2.57,"T",2.57,"T","tg"
