"","snp","beta","chr.locus","freq","trait","effect.allele","snp2"
"1","rs4299376_G",2.75,"2/ABCG5/8","20.3","ldl","G","rs4299376"
"2","rs3757354_C",1.43,"6/MYLIP","75.1","ldl","C","rs3757354"
"3","rs1800562_G",2.22,"6/HFE","96.5","ldl","G","rs1800562"
"4","rs1564348_T",0.56,"6/LPA","14.3","ldl","T","rs1564348"
"5","rs11220462_A",1.95,"11/ST3GAL4","18.2","ldl","A","rs11220462"
"6","rs8017377_A",1.14,"14/NYNRIN","37.2","ldl","A","rs8017377"
"7","rs6511720_G",6.99,"19/LDLR","10.3","ldl","G","rs6511720"
"8","rs2479409_G",2.01,"1/PCSK9","28.6","ldl","G","rs2479409"
"9","rs629301_T",5.65,"1/SORT1","78.1","ldl","T","rs629301"
"10","rs1367117_A",4.05,"2/APOB","30.5","ldl","A","rs1367117"
"11","rs11136341_G",1.4,"8/PLEC1","36.2","ldl","G","rs11136341"
"12","rs7206971_A",0.78,"17/OSBPL7","48.1","ldl","A","rs7206971"
"13","rs4420638_G",7.14,"19/APOE","25.1","ldl","G","rs4420638"
"14","rs6029526_A",1.39,"20/TOP1","53.3","ldl","A","rs6029526"
"15","rs4660293_A",0.48,"1/PABPC4","22.1","hdl","A","rs4660293"
"16","rs2814944_G",0.49,"6/C6orf106","21.7","hdl","G","rs2814944"
"17","rs4731702_A",0.59,"7/KLF14","54.4","hdl","A","rs4731702"
"18","rs2923084_A",0.41,"11/AMPD3","13.6","hdl","A","rs2923084"
"19","rs7134375_A",0.4,"12/PDE3A","59.2","hdl","A","rs7134375"
"20","rs7134594_A",0.44,"12/MVK","53.2","hdl","A","rs7134594"
"21","rs1532085_A",1.45,"15/LIPC","42.4","hdl","A","rs1532085"
"22","rs3764261_A",3.39,"16/CETP","73.6","hdl","A","rs3764261"
"23","rs2925979_C",0.45,"16/CMIP","31.7","hdl","C","rs2925979"
"24","rs4148008_C",0.42,"17/ABCA8","31.4","hdl","C","rs4148008"
"25","rs4129767_A",0.39,"17/PGS1","36.5","hdl","A","rs4129767"
"26","rs737337_A",0.64,"19/LOC55908","8.0","hdl","A","rs737337"
"27","rs1800961_C",1.88,"20/HNF4A","4.3","hdl","C","rs1800961"
"28","rs6065906_T",0.93,"20/PLTP","14.6","hdl","T","rs6065906"
"29","rs1689800_A",0.47,"1/ZNF648","26.9","hdl","A","rs1689800"
"30","rs4846914_A",0.61,"1/GALNT2","46.1","hdl","A","rs4846914"
"31","rs12328675_C",0.68,"2/COBLL1","9.8","hdl","C","rs12328675"
"32","rs2972146_G",0.46,"2/IRS1","36.4","hdl","G","rs2972146"
"33","rs6450176_G",0.49,"5/ARL15","14.6","hdl","G","rs6450176"
"34","rs605066_T",0.39,"6/CITED2","47.9","hdl","T","rs605066"
"35","rs1084651_A",1.95,"6/LPA","17.4","hdl","A","rs1084651"
"36","rs9987289_G",1.21,"8/PPP1R3B","15,5","hdl","G","rs9987289"
"37","rs2293889_G",0.44,"8/TRPS1","70.9","hdl","G","rs2293889"
"38","rs581080_C",0.65,"9/TTC39B","87","hdl","C","rs581080"
"39","rs1883025_C",0.94,"9/ABCA1","80.1","hdl","C","rs1883025"
"40","rs3136441_C",0.78,"11/LRP4","22.7","hdl","C","rs3136441"
"41","rs4759375_T",0.86,"12/SBNO1","9.2","hdl","T","rs4759375"
"42","rs4765127_T",0.44,"12/ZNF664","28.4","hdl","T","rs4765127"
"43","rs838880_C",0.61,"12/SCARB1","41.9","hdl","C","rs838880"
"44","rs2652834_G",0.39,"15/LACTB","76.3","hdl","G","rs2652834"
"45","rs16942887_A",1.27,"16/LCAT","15.9","hdl","A","rs16942887"
"46","rs11869286_C",0.48,"17/STARD3","32.1","hdl","C","rs11869286"
"47","rs7241918_T",1.31,"18/LIPG","83.6","hdl","T","rs7241918"
"48","rs12967135_G",0.42,"18/MC4R","82.4","hdl","G","rs12967135"
"49","rs7255436_A",0.45,"19/ANGPTL4","51.5","hdl","A","rs7255436"
"50","rs386000_C",0.83,"19/LILRA3","29.7","hdl","C","rs386000"
"51","rs181362_C",0.46,"22/UBE2L3","67","hdl","C","rs181362"
"52","rs13107325_G",0.84,"4/SLC39A8","98.7","hdl","G","rs13107325"
"53","rs10195252_T",2.01,"2/COBLL1","65.2","tg","T","rs10195252"
"54","rs1042034_T",5.99,"2/APOB","74.3","tg","T","rs1042034"
"55","rs10761731_A",2.38,"10/JMJD1C","63.1","tg","A","rs10761731"
"56","rs11613352_C",2.7,"12/LRP1","77.3","tg","C","rs11613352"
"57","rs11649653_C",2.13,"16/CTF1","61.3","tg","C","rs11649653"
"58","rs11776767_C",2.01,"8/PINX1","30.2","tg","C","rs11776767"
"59","rs1260326_A",8.76,"2/APOB","35.4","tg","A","rs1260326"
"60","rs12678919_A",13.64,"8/LPL","91.2","tg","A","rs12678919"
"61","rs13238203_C",7.91,"7/TYW1B","97.2","tg","C","rs13238203"
"62","rs1495741_G",2.85,"8/NAT2","75.1","tg","G","rs1495741"
"63","rs17145738_C",9.32,"7/MLXIPL","88","tg","C","rs17145738"
"64","rs174546_A",3.82,"11/FADS1-2-3","40.3","tg","A","rs174546"
"65","rs2068888_G",2.28,"10/CYP26A1","54.1","tg","G","rs2068888"
"66","rs2131925_T",4.94,"1/ANGPTL3","72.6","tg","T","rs2131925"
"67","rs2247056_C",2.99,"6/HLA","76.2","tg","C","rs2247056"
"68","rs2412710_A",7,"15/CAPN3","3.1","tg","A","rs2412710"
"69","rs2929282_T",5.13,"15/FRMD5","6.2","tg","T","rs2929282"
"70","rs2954029_A",5.64,"8/TRIB1","54.3","tg","A","rs2954029"
"71","rs439401_C",5.5,"19/APOE","72.4","tg","C","rs439401"
"72","rs442177_T",2.25,"4/KLH8","52.4","tg","T","rs442177"
"73","rs5756931_T",1.54,"22/PL2G6","60.3","tg","T","rs5756931"
"74","rs645040_T",2.22,"3/MSL2L1","85.8","tg","T","rs645040"
"75","rs9686661_T",2.57,"5/MAP3K1","14.3","tg","T","rs9686661"
"76","rs964184_C",16.95,"11/APOA1","14.1","tg","C","rs964184"
